,item_code,img_1,img_2,img_3,img_4
0,439847,https://image.uniqlo.com/UQ/ST3/AsianCommon/imagesgoods/439847/item/goods_68_439847.jpg,https://image.uniqlo.com/UQ/ST3/AsianCommon/imagesgoods/439847/sub/goods_439847_sub6.jpg,https://image.uniqlo.com/UQ/ST3/AsianCommon/imagesgoods/439847/sub/goods_439847_sub7.jpg,https://image.uniqlo.com/UQ/ST3/AsianCommon/imagesgoods/439847/sub/goods_439847_sub8.jpg
0,439852,https://image.uniqlo.com/UQ/ST3/AsianCommon/imagesgoods/439852/item/goods_32_439852.jpg,https://image.uniqlo.com/UQ/ST3/AsianCommon/imagesgoods/439852/sub/goods_439852_sub6.jpg,https://image.uniqlo.com/UQ/ST3/AsianCommon/imagesgoods/439852/sub/goods_439852_sub7.jpg,https://image.uniqlo.com/UQ/ST3/AsianCommon/imagesgoods/439852/sub/goods_439852_sub8.jpg
0,444766,https://image.uniqlo.com/UQ/ST3/AsianCommon/imagesgoods/426765/item/goods_65_426765.jpg,https://image.uniqlo.com/UQ/ST3/AsianCommon/imagesgoods/426765/sub/goods_426765_sub7.jpg,https://image.uniqlo.com/UQ/ST3/AsianCommon/imagesgoods/426765/sub/goods_426765_sub8.jpg,https://image.uniqlo.com/UQ/ST3/AsianCommon/imagesgoods/426765/sub/goods_426765_sub9.jpg
0,439340,https://image.uniqlo.com/UQ/ST3/AsianCommon/imagesgoods/439340/item/goods_03_439340.jpg,https://image.uniqlo.com/UQ/ST3/AsianCommon/imagesgoods/439340/sub/goods_439340_sub18.jpg,https://image.uniqlo.com/UQ/ST3/AsianCommon/imagesgoods/439340/sub/goods_439340_sub19.jpg,https://image.uniqlo.com/UQ/ST3/AsianCommon/imagesgoods/439340/sub/goods_439340_sub20.jpg
0,434608,https://image.uniqlo.com/UQ/ST3/AsianCommon/imagesgoods/434608/item/goods_61_434608.jpg,https://image.uniqlo.com/UQ/ST3/AsianCommon/imagesgoods/434608/sub/goods_434608_sub18.jpg,https://image.uniqlo.com/UQ/ST3/AsianCommon/imagesgoods/434608/sub/goods_434608_sub19.jpg,https://image.uniqlo.com/UQ/ST3/AsianCommon/imagesgoods/434608/sub/goods_434608_sub24.jpg
0,434612,https://image.uniqlo.com/UQ/ST3/AsianCommon/imagesgoods/434612/item/goods_09_434612.jpg,https://image.uniqlo.com/UQ/ST3/AsianCommon/imagesgoods/434612/sub/goods_434612_sub6.jpg,https://image.uniqlo.com/UQ/ST3/AsianCommon/imagesgoods/434612/sub/goods_434612_sub7.jpg,https://image.uniqlo.com/UQ/ST3/AsianCommon/imagesgoods/434612/sub/goods_434612_sub8.jpg
0,448839,https://image.uniqlo.com/UQ/ST3/AsianCommon/imagesgoods/448839/item/goods_54_448839.jpg,https://image.uniqlo.com/UQ/ST3/AsianCommon/imagesgoods/448839/sub/goods_448839_sub6.jpg,https://image.uniqlo.com/UQ/ST3/AsianCommon/imagesgoods/448839/sub/goods_448839_sub7.jpg,https://image.uniqlo.com/UQ/ST3/AsianCommon/imagesgoods/448839/sub/goods_448839_sub8.jpg
0,447639,https://image.uniqlo.com/UQ/ST3/AsianCommon/imagesgoods/447639/item/goods_64_447639.jpg,https://image.uniqlo.com/UQ/ST3/AsianCommon/imagesgoods/447639/sub/goods_447639_sub6.jpg,https://image.uniqlo.com/UQ/ST3/AsianCommon/imagesgoods/447639/sub/goods_447639_sub7.jpg,https://image.uniqlo.com/UQ/ST3/AsianCommon/imagesgoods/447639/sub/goods_447639_sub8.jpg
0,434157,https://image.uniqlo.com/UQ/ST3/AsianCommon/imagesgoods/434157/item/goods_03_434157.jpg,https://image.uniqlo.com/UQ/ST3/AsianCommon/imagesgoods/434157/sub/goods_434157_sub18.jpg,https://image.uniqlo.com/UQ/ST3/AsianCommon/imagesgoods/434157/sub/goods_434157_sub19.jpg,https://image.uniqlo.com/UQ/ST3/AsianCommon/imagesgoods/434157/sub/goods_434157_sub20.jpg
0,439865,https://image.uniqlo.com/UQ/ST3/AsianCommon/imagesgoods/434149/item/goods_30_434149.jpg,https://image.uniqlo.com/UQ/ST3/AsianCommon/imagesgoods/434149/sub/goods_434149_sub6.jpg,https://image.uniqlo.com/UQ/ST3/AsianCommon/imagesgoods/434149/sub/goods_434149_sub7.jpg,https://image.uniqlo.com/UQ/ST3/AsianCommon/imagesgoods/434149/sub/goods_434149_sub8.jpg
0,434154,https://image.uniqlo.com/UQ/ST3/AsianCommon/imagesgoods/425209/item/goods_02_425209.jpg,https://image.uniqlo.com/UQ/ST3/AsianCommon/imagesgoods/425209/sub/goods_425209_sub18.jpg,https://image.uniqlo.com/UQ/ST3/AsianCommon/imagesgoods/425209/sub/goods_425209_sub19.jpg,https://image.uniqlo.com/UQ/ST3/AsianCommon/imagesgoods/425209/sub/goods_425209_sub20.jpg
0,439859,https://image.uniqlo.com/UQ/ST3/AsianCommon/imagesgoods/439859/item/goods_30_439859.jpg,https://image.uniqlo.com/UQ/ST3/AsianCommon/imagesgoods/439859/sub/goods_439859_sub1.jpg,https://image.uniqlo.com/UQ/ST3/AsianCommon/imagesgoods/439859/sub/goods_439859_sub2.jpg,https://image.uniqlo.com/UQ/ST3/AsianCommon/imagesgoods/439859/sub/goods_439859_sub6.jpg
0,442963,https://image.uniqlo.com/UQ/ST3/AsianCommon/imagesgoods/442963/item/goods_69_442963.jpg,https://image.uniqlo.com/UQ/ST3/AsianCommon/imagesgoods/442963/sub/goods_442963_sub6.jpg,https://image.uniqlo.com/UQ/ST3/AsianCommon/imagesgoods/442963/sub/goods_442963_sub7.jpg,https://image.uniqlo.com/UQ/ST3/AsianCommon/imagesgoods/442963/sub/goods_442963_sub8.jpg
0,441462,https://image.uniqlo.com/UQ/ST3/AsianCommon/imagesgoods/426773/item/goods_65_426773.jpg,https://image.uniqlo.com/UQ/ST3/AsianCommon/imagesgoods/426773/sub/goods_426773_sub18.jpg,https://image.uniqlo.com/UQ/ST3/AsianCommon/imagesgoods/426773/sub/goods_426773_sub19.jpg,https://image.uniqlo.com/UQ/ST3/AsianCommon/imagesgoods/426773/sub/goods_426773_sub20.jpg
0,444789,https://image.uniqlo.com/UQ/ST3/AsianCommon/imagesgoods/437877/item/goods_53_437877.jpg?width=750,https://image.uniqlo.com/UQ/ST3/AsianCommon/imagesgoods/437877/sub/goods_437877_sub6.jpg?width=750,https://image.uniqlo.com/UQ/ST3/AsianCommon/imagesgoods/437877/sub/goods_437877_sub7.jpg?width=750,https://image.uniqlo.com/UQ/ST3/AsianCommon/imagesgoods/437877/sub/goods_437877_sub8.jpg?width=750
0,444190,https://image.uniqlo.com/UQ/ST3/AsianCommon/imagesgoods/444190/item/goods_61_444190.jpg,https://image.uniqlo.com/UQ/ST3/AsianCommon/imagesgoods/444190/sub/goods_444190_sub18.jpg,https://image.uniqlo.com/UQ/ST3/AsianCommon/imagesgoods/444190/sub/goods_444190_sub19.jpg,https://image.uniqlo.com/UQ/ST3/AsianCommon/imagesgoods/444190/sub/goods_444190_sub20.jpg
0,444192,https://image.uniqlo.com/UQ/ST3/AsianCommon/imagesgoods/444192/item/goods_70_444192.jpg,https://image.uniqlo.com/UQ/ST3/AsianCommon/imagesgoods/444192/sub/goods_444192_sub18.jpg,https://image.uniqlo.com/UQ/ST3/AsianCommon/imagesgoods/444192/sub/goods_444192_sub19.jpg,https://image.uniqlo.com/UQ/ST3/AsianCommon/imagesgoods/444192/sub/goods_444192_sub20.jpg
0,444389,https://image.uniqlo.com/UQ/ST3/AsianCommon/imagesgoods/434647/item/goods_10_434647.jpg,https://image.uniqlo.com/UQ/ST3/AsianCommon/imagesgoods/434647/sub/goods_434647_sub6.jpg,https://image.uniqlo.com/UQ/ST3/AsianCommon/imagesgoods/434647/sub/goods_434647_sub7.jpg,https://image.uniqlo.com/UQ/ST3/AsianCommon/imagesgoods/434647/sub/goods_434647_sub8.jpg
0,442851,https://image.uniqlo.com/UQ/ST3/AsianCommon/imagesgoods/442851/item/goods_71_442851.jpg,https://image.uniqlo.com/UQ/ST3/AsianCommon/imagesgoods/442851/sub/goods_442851_sub18.jpg,https://image.uniqlo.com/UQ/ST3/AsianCommon/imagesgoods/442851/sub/goods_442851_sub19.jpg,https://image.uniqlo.com/UQ/ST3/AsianCommon/imagesgoods/442851/sub/goods_442851_sub20.jpg
0,444827,https://image.uniqlo.com/UQ/ST3/AsianCommon/imagesgoods/439622/item/goods_09_439622.jpg,https://image.uniqlo.com/UQ/ST3/AsianCommon/imagesgoods/439622/sub/goods_439622_sub6.jpg,https://image.uniqlo.com/UQ/ST3/AsianCommon/imagesgoods/439622/sub/goods_439622_sub7.jpg,https://image.uniqlo.com/UQ/ST3/AsianCommon/imagesgoods/439622/sub/goods_439622_sub8.jpg
0,444184,https://image.uniqlo.com/UQ/ST3/AsianCommon/imagesgoods/434572/item/goods_09_434572.jpg,https://image.uniqlo.com/UQ/ST3/AsianCommon/imagesgoods/434572/sub/goods_434572_sub6.jpg,https://image.uniqlo.com/UQ/ST3/AsianCommon/imagesgoods/434572/sub/goods_434572_sub7.jpg,https://image.uniqlo.com/UQ/ST3/AsianCommon/imagesgoods/434572/sub/goods_434572_sub8.jpg
0,444186,https://image.uniqlo.com/UQ/ST3/AsianCommon/imagesgoods/439373/item/goods_03_439373.jpg,https://image.uniqlo.com/UQ/ST3/AsianCommon/imagesgoods/439373/sub/goods_439373_sub6.jpg,https://image.uniqlo.com/UQ/ST3/AsianCommon/imagesgoods/439373/sub/goods_439373_sub7.jpg,https://image.uniqlo.com/UQ/ST3/AsianCommon/imagesgoods/439373/sub/goods_439373_sub8.jpg
0,439625,https://image.uniqlo.com/UQ/ST3/jp/imagesgoods/439625/item/jpgoods_09_439625.jpg,https://image.uniqlo.com/UQ/ST3/jp/imagesgoods/439625/sub/jpgoods_439625_sub6.jpg,https://image.uniqlo.com/UQ/ST3/AsianCommon/imagesgoods/439625/sub/goods_439625_sub7.jpg,https://image.uniqlo.com/UQ/ST3/jp/imagesgoods/439625/sub/jpgoods_439625_sub8.jpg
0,444834,https://image.uniqlo.com/UQ/ST3/AsianCommon/imagesgoods/439624/item/goods_30_439624.jpg,https://image.uniqlo.com/UQ/ST3/AsianCommon/imagesgoods/439624/sub/goods_439624_sub1.jpg,https://image.uniqlo.com/UQ/ST3/AsianCommon/imagesgoods/439624/sub/goods_439624_sub6.jpg,https://image.uniqlo.com/UQ/ST3/AsianCommon/imagesgoods/439624/sub/goods_439624_sub7.jpg
0,445003,https://image.uniqlo.com/UQ/ST3/AsianCommon/imagesgoods/445003/item/goods_55_445003.jpg,https://image.uniqlo.com/UQ/ST3/AsianCommon/imagesgoods/445003/sub/goods_445003_sub1.jpg,https://image.uniqlo.com/UQ/ST3/AsianCommon/imagesgoods/445003/sub/goods_445003_sub6.jpg,https://image.uniqlo.com/UQ/ST3/AsianCommon/imagesgoods/445003/sub/goods_445003_sub7.jpg
0,445296,https://image.uniqlo.com/UQ/ST3/AsianCommon/imagesgoods/445296/item/goods_09_445296.jpg,https://image.uniqlo.com/UQ/ST3/AsianCommon/imagesgoods/445296/sub/goods_445296_sub6.jpg,https://image.uniqlo.com/UQ/ST3/AsianCommon/imagesgoods/445296/sub/goods_445296_sub7.jpg,https://image.uniqlo.com/UQ/ST3/AsianCommon/imagesgoods/445296/sub/goods_445296_sub8.jpg
0,444853,https://image.uniqlo.com/UQ/ST3/AsianCommon/imagesgoods/444853/item/goods_69_444853.jpg,https://image.uniqlo.com/UQ/ST3/AsianCommon/imagesgoods/444853/sub/goods_444853_sub3.jpg,https://image.uniqlo.com/UQ/ST3/AsianCommon/imagesgoods/444853/sub/goods_444853_sub6.jpg,https://image.uniqlo.com/UQ/ST3/AsianCommon/imagesgoods/444853/sub/goods_444853_sub7.jpg
0,439217,https://image.uniqlo.com/UQ/ST3/AsianCommon/imagesgoods/439217/item/goods_69_439217.jpg,https://image.uniqlo.com/UQ/ST3/AsianCommon/imagesgoods/439217/sub/goods_439217_sub6.jpg,https://image.uniqlo.com/UQ/ST3/AsianCommon/imagesgoods/439217/sub/goods_439217_sub7.jpg,https://image.uniqlo.com/UQ/ST3/AsianCommon/imagesgoods/439217/sub/goods_439217_sub8.jpg
0,439241,https://image.uniqlo.com/UQ/ST3/AsianCommon/imagesgoods/439241/item/goods_34_439241.jpg,https://image.uniqlo.com/UQ/ST3/AsianCommon/imagesgoods/439241/sub/goods_439241_sub6.jpg,https://image.uniqlo.com/UQ/ST3/AsianCommon/imagesgoods/439241/sub/goods_439241_sub7.jpg,https://image.uniqlo.com/UQ/ST3/AsianCommon/imagesgoods/439241/sub/goods_439241_sub8.jpg
0,447516,https://image.uniqlo.com/UQ/ST3/AsianCommon/imagesgoods/447516/item/goods_30_447516.jpg,https://image.uniqlo.com/UQ/ST3/AsianCommon/imagesgoods/447516/sub/goods_447516_sub1.jpg,https://image.uniqlo.com/UQ/ST3/AsianCommon/imagesgoods/447516/sub/goods_447516_sub6.jpg,https://image.uniqlo.com/UQ/ST3/AsianCommon/imagesgoods/447516/sub/goods_447516_sub7.jpg
0,445445,https://image.uniqlo.com/UQ/ST3/AsianCommon/imagesgoods/433604/item/goods_30_433604.jpg,https://image.uniqlo.com/UQ/ST3/jp/imagesgoods/433604/sub/jpgoods_433604_sub3.jpg,https://image.uniqlo.com/UQ/ST3/jp/imagesgoods/433604/sub/jpgoods_433604_sub6.jpg,https://image.uniqlo.com/UQ/ST3/jp/imagesgoods/433604/sub/jpgoods_433604_sub7.jpg
0,448014,https://image.uniqlo.com/UQ/ST3/AsianCommon/imagesgoods/433737/item/goods_69_433737.jpg,https://image.uniqlo.com/UQ/ST3/AsianCommon/imagesgoods/433737/sub/goods_433737_sub3.jpg,https://image.uniqlo.com/UQ/ST3/AsianCommon/imagesgoods/433737/sub/goods_433737_sub4.jpg,https://image.uniqlo.com/UQ/ST3/AsianCommon/imagesgoods/433737/sub/goods_433737_sub6.jpg
0,439092,https://image.uniqlo.com/UQ/ST3/AsianCommon/imagesgoods/439092/item/goods_50_439092.jpg,https://image.uniqlo.com/UQ/ST3/AsianCommon/imagesgoods/439092/sub/goods_439092_sub6.jpg,https://image.uniqlo.com/UQ/ST3/AsianCommon/imagesgoods/439092/sub/goods_439092_sub7.jpg,https://image.uniqlo.com/UQ/ST3/AsianCommon/imagesgoods/439092/sub/goods_439092_sub8.jpg
0,433703,https://image.uniqlo.com/UQ/ST3/AsianCommon/imagesgoods/422807/item/goods_07_422807.jpg,https://image.uniqlo.com/UQ/ST3/AsianCommon/imagesgoods/422807/sub/goods_422807_sub18.jpg,https://image.uniqlo.com/UQ/ST3/AsianCommon/imagesgoods/422807/sub/goods_422807_sub19.jpg,https://image.uniqlo.com/UQ/ST3/AsianCommon/imagesgoods/422807/sub/goods_422807_sub20.jpg
0,444513,https://image.uniqlo.com/UQ/ST3/AsianCommon/imagesgoods/439062/item/goods_70_439062.jpg,https://image.uniqlo.com/UQ/ST3/AsianCommon/imagesgoods/439062/sub/goods_439062_sub6.jpg,https://image.uniqlo.com/UQ/ST3/AsianCommon/imagesgoods/439062/sub/goods_439062_sub7.jpg,https://image.uniqlo.com/UQ/ST3/AsianCommon/imagesgoods/439062/sub/goods_439062_sub8.jpg
0,435193,https://image.uniqlo.com/UQ/ST3/AsianCommon/imagesgoods/424873/item/goods_54_424873.jpg,https://image.uniqlo.com/UQ/ST3/AsianCommon/imagesgoods/424873/sub/goods_424873_sub1.jpg,https://image.uniqlo.com/UQ/ST3/AsianCommon/imagesgoods/424873/sub/goods_424873_sub6.jpg,https://image.uniqlo.com/UQ/ST3/AsianCommon/imagesgoods/424873/sub/goods_424873_sub8.jpg
0,433731,https://image.uniqlo.com/UQ/ST3/AsianCommon/imagesgoods/433731/item/goods_00_433731.jpg,https://image.uniqlo.com/UQ/ST3/AsianCommon/imagesgoods/433731/sub/goods_433731_sub18.jpg,https://image.uniqlo.com/UQ/ST3/AsianCommon/imagesgoods/433731/sub/goods_433731_sub19.jpg,https://image.uniqlo.com/UQ/ST3/AsianCommon/imagesgoods/433731/sub/goods_433731_sub20.jpg
0,446802,https://image.uniqlo.com/UQ/ST3/AsianCommon/imagesgoods/446802/item/goods_14_446802.jpg,https://image.uniqlo.com/UQ/ST3/AsianCommon/imagesgoods/446802/sub/goods_446802_sub6.jpg,https://image.uniqlo.com/UQ/ST3/AsianCommon/imagesgoods/446802/sub/goods_446802_sub7.jpg,https://image.uniqlo.com/UQ/ST3/AsianCommon/imagesgoods/446802/sub/goods_446802_sub8.jpg
0,446709,https://image.uniqlo.com/UQ/ST3/AsianCommon/imagesgoods/446709/item/goods_71_446709.jpg,https://image.uniqlo.com/UQ/ST3/AsianCommon/imagesgoods/446709/sub/goods_446709_sub1.jpg,https://image.uniqlo.com/UQ/ST3/AsianCommon/imagesgoods/446709/sub/goods_446709_sub6.jpg,https://image.uniqlo.com/UQ/ST3/AsianCommon/imagesgoods/446709/sub/goods_446709_sub7.jpg
0,447409,https://image.uniqlo.com/UQ/ST3/AsianCommon/imagesgoods/447409/item/goods_30_447409.jpg,https://image.uniqlo.com/UQ/ST3/AsianCommon/imagesgoods/447409/sub/goods_447409_sub6.jpg,https://image.uniqlo.com/UQ/ST3/AsianCommon/imagesgoods/447409/sub/goods_447409_sub8.jpg,https://image.uniqlo.com/UQ/ST3/AsianCommon/imagesgoods/447409/sub/goods_447409_sub9.jpg
0,445192,https://image.uniqlo.com/UQ/ST3/AsianCommon/imagesgoods/445192/item/goods_53_445192.jpg,https://image.uniqlo.com/UQ/ST3/AsianCommon/imagesgoods/445192/sub/goods_445192_sub6.jpg,https://image.uniqlo.com/UQ/ST3/AsianCommon/imagesgoods/445192/sub/goods_445192_sub7.jpg,https://image.uniqlo.com/UQ/ST3/AsianCommon/imagesgoods/445192/sub/goods_445192_sub8.jpg
0,438961,https://image.uniqlo.com/UQ/ST3/AsianCommon/imagesgoods/438961/item/goods_71_438961.jpg,https://image.uniqlo.com/UQ/ST3/AsianCommon/imagesgoods/438961/sub/goods_438961_sub9.jpg,https://image.uniqlo.com/UQ/ST3/AsianCommon/imagesgoods/438961/sub/goods_438961_sub10.jpg,https://image.uniqlo.com/UQ/ST3/AsianCommon/imagesgoods/438961/sub/goods_438961_sub13.jpg
0,445383,https://image.uniqlo.com/UQ/ST3/AsianCommon/imagesgoods/445383/item/goods_34_445383.jpg,https://image.uniqlo.com/UQ/ST3/AsianCommon/imagesgoods/445383/sub/goods_445383_sub9.jpg,https://image.uniqlo.com/UQ/ST3/AsianCommon/imagesgoods/445383/sub/goods_445383_sub10.jpg,https://image.uniqlo.com/UQ/ST3/AsianCommon/imagesgoods/445383/sub/goods_445383_sub13.jpg
0,432472,https://image.uniqlo.com/UQ/ST3/AsianCommon/imagesgoods/432472/item/goods_33_432472.jpg,https://image.uniqlo.com/UQ/ST3/AsianCommon/imagesgoods/432472/sub/goods_432472_sub18.jpg,https://image.uniqlo.com/UQ/ST3/AsianCommon/imagesgoods/432472/sub/goods_432472_sub19.jpg,https://image.uniqlo.com/UQ/ST3/AsianCommon/imagesgoods/432472/sub/goods_432472_sub20.jpg
0,432473,https://image.uniqlo.com/UQ/ST3/AsianCommon/imagesgoods/432473/item/goods_34_432473.jpg,https://image.uniqlo.com/UQ/ST3/AsianCommon/imagesgoods/432473/sub/goods_432473_sub18.jpg,https://image.uniqlo.com/UQ/ST3/AsianCommon/imagesgoods/432473/sub/goods_432473_sub19.jpg,https://image.uniqlo.com/UQ/ST3/AsianCommon/imagesgoods/432473/sub/goods_432473_sub20.jpg
0,445394,https://image.uniqlo.com/UQ/ST3/AsianCommon/imagesgoods/445394/item/goods_71_445394.jpg,https://image.uniqlo.com/UQ/ST3/AsianCommon/imagesgoods/445394/sub/goods_445394_sub18.jpg,https://image.uniqlo.com/UQ/ST3/AsianCommon/imagesgoods/445394/sub/goods_445394_sub19.jpg,https://image.uniqlo.com/UQ/ST3/AsianCommon/imagesgoods/445394/sub/goods_445394_sub24.jpg
0,445392,https://image.uniqlo.com/UQ/ST3/AsianCommon/imagesgoods/445392/item/goods_71_445392.jpg,https://image.uniqlo.com/UQ/ST3/AsianCommon/imagesgoods/445392/sub/goods_445392_sub18.jpg,https://image.uniqlo.com/UQ/ST3/AsianCommon/imagesgoods/445392/sub/goods_445392_sub19.jpg,https://image.uniqlo.com/UQ/ST3/AsianCommon/imagesgoods/445392/sub/goods_445392_sub20.jpg
0,445398,https://image.uniqlo.com/UQ/ST3/AsianCommon/imagesgoods/438985/item/goods_30_438985.jpg,https://image.uniqlo.com/UQ/ST3/AsianCommon/imagesgoods/438985/sub/goods_438985_sub18.jpg,https://image.uniqlo.com/UQ/ST3/AsianCommon/imagesgoods/438985/sub/goods_438985_sub19.jpg,https://image.uniqlo.com/UQ/ST3/AsianCommon/imagesgoods/438985/sub/goods_438985_sub24.jpg
0,445417,https://image.uniqlo.com/UQ/ST3/AsianCommon/imagesgoods/445417/item/goods_22_445417.jpg,https://image.uniqlo.com/UQ/ST3/AsianCommon/imagesgoods/445417/sub/goods_445417_sub18.jpg,https://image.uniqlo.com/UQ/ST3/AsianCommon/imagesgoods/445417/sub/goods_445417_sub19.jpg,https://image.uniqlo.com/UQ/ST3/AsianCommon/imagesgoods/445417/sub/goods_445417_sub24.jpg
0,446052,https://image.uniqlo.com/UQ/ST3/AsianCommon/imagesgoods/445410/item/goods_03_445410.jpg,https://image.uniqlo.com/UQ/ST3/AsianCommon/imagesgoods/445410/sub/goods_445410_sub18.jpg,https://image.uniqlo.com/UQ/ST3/AsianCommon/imagesgoods/445410/sub/goods_445410_sub19.jpg,https://image.uniqlo.com/UQ/ST3/AsianCommon/imagesgoods/445410/sub/goods_445410_sub24.jpg
0,445339,https://image.uniqlo.com/UQ/ST3/AsianCommon/imagesgoods/440041/item/goods_30_440041.jpg,https://image.uniqlo.com/UQ/ST3/AsianCommon/imagesgoods/440041/sub/goods_440041_sub6.jpg,https://image.uniqlo.com/UQ/ST3/AsianCommon/imagesgoods/440041/sub/goods_440041_sub7.jpg,https://image.uniqlo.com/UQ/ST3/AsianCommon/imagesgoods/440041/sub/goods_440041_sub8.jpg
0,445334,https://image.uniqlo.com/UQ/ST3/AsianCommon/imagesgoods/445334/item/goods_69_445334.jpg,https://image.uniqlo.com/UQ/ST3/AsianCommon/imagesgoods/445334/sub/goods_445334_sub6.jpg,https://image.uniqlo.com/UQ/ST3/AsianCommon/imagesgoods/445334/sub/goods_445334_sub7.jpg,https://image.uniqlo.com/UQ/ST3/AsianCommon/imagesgoods/445334/sub/goods_445334_sub8.jpg
0,446484,https://image.uniqlo.com/UQ/ST3/AsianCommon/imagesgoods/434533/item/goods_08_434533.jpg,https://image.uniqlo.com/UQ/ST3/AsianCommon/imagesgoods/434533/sub/goods_434533_sub6.jpg,https://image.uniqlo.com/UQ/ST3/AsianCommon/imagesgoods/434533/sub/goods_434533_sub7.jpg,https://image.uniqlo.com/UQ/ST3/AsianCommon/imagesgoods/434533/sub/goods_434533_sub8.jpg
0,446919,https://image.uniqlo.com/UQ/ST3/AsianCommon/imagesgoods/446919/item/goods_68_446919.jpg,https://image.uniqlo.com/UQ/ST3/AsianCommon/imagesgoods/446919/sub/goods_446919_sub1.jpg,https://image.uniqlo.com/UQ/ST3/AsianCommon/imagesgoods/446919/sub/goods_446919_sub2.jpg,https://image.uniqlo.com/UQ/ST3/AsianCommon/imagesgoods/446919/sub/goods_446919_sub3.jpg
0,446919,https://image.uniqlo.com/UQ/ST3/AsianCommon/imagesgoods/446919/item/goods_68_446919.jpg,https://image.uniqlo.com/UQ/ST3/AsianCommon/imagesgoods/446919/sub/goods_446919_sub1.jpg,https://image.uniqlo.com/UQ/ST3/AsianCommon/imagesgoods/446919/sub/goods_446919_sub2.jpg,https://image.uniqlo.com/UQ/ST3/AsianCommon/imagesgoods/446919/sub/goods_446919_sub3.jpg
0,444551,https://image.uniqlo.com/UQ/ST3/AsianCommon/imagesgoods/444551/item/goods_09_444551.jpg,https://image.uniqlo.com/UQ/ST3/AsianCommon/imagesgoods/444551/sub/goods_444551_sub6.jpg,https://image.uniqlo.com/UQ/ST3/AsianCommon/imagesgoods/444551/sub/goods_444551_sub7.jpg,https://image.uniqlo.com/UQ/ST3/AsianCommon/imagesgoods/444551/sub/goods_444551_sub8.jpg
0,449039,https://image.uniqlo.com/UQ/ST3/AsianCommon/imagesgoods/449039/item/goods_03_449039.jpg,https://image.uniqlo.com/UQ/ST3/AsianCommon/imagesgoods/449039/sub/goods_449039_sub6.jpg,https://image.uniqlo.com/UQ/ST3/AsianCommon/imagesgoods/449039/sub/goods_449039_sub7.jpg,https://image.uniqlo.com/UQ/ST3/AsianCommon/imagesgoods/449039/sub/goods_449039_sub8.jpg
0,439575,https://image.uniqlo.com/UQ/ST3/AsianCommon/imagesgoods/439575/item/goods_45_439575.jpg,https://image.uniqlo.com/UQ/ST3/AsianCommon/imagesgoods/439575/sub/goods_439575_sub3.jpg,https://image.uniqlo.com/UQ/ST3/AsianCommon/imagesgoods/439575/sub/goods_439575_sub6.jpg,https://image.uniqlo.com/UQ/ST3/AsianCommon/imagesgoods/439575/sub/goods_439575_sub7.jpg
0,444598,https://image.uniqlo.com/UQ/ST3/AsianCommon/imagesgoods/444598/item/goods_06_444598.jpg,https://image.uniqlo.com/UQ/ST3/AsianCommon/imagesgoods/444598/sub/goods_444598_sub6.jpg,https://image.uniqlo.com/UQ/ST3/AsianCommon/imagesgoods/444598/sub/goods_444598_sub7.jpg,https://image.uniqlo.com/UQ/ST3/AsianCommon/imagesgoods/444598/sub/goods_444598_sub8.jpg
0,442533,https://image.uniqlo.com/UQ/ST3/AsianCommon/imagesgoods/442533/item/goods_69_442533.jpg,https://image.uniqlo.com/UQ/ST3/AsianCommon/imagesgoods/442533/sub/goods_442533_sub6.jpg,https://image.uniqlo.com/UQ/ST3/AsianCommon/imagesgoods/442533/sub/goods_442533_sub7.jpg,https://image.uniqlo.com/UQ/ST3/AsianCommon/imagesgoods/442533/sub/goods_442533_sub8.jpg
0,444593,https://image.uniqlo.com/UQ/ST3/AsianCommon/imagesgoods/422370/item/goods_05_422370.jpg,https://image.uniqlo.com/UQ/ST3/AsianCommon/imagesgoods/422370/sub/goods_422370_sub6.jpg,https://image.uniqlo.com/UQ/ST3/AsianCommon/imagesgoods/422370/sub/goods_422370_sub7.jpg,https://image.uniqlo.com/UQ/ST3/AsianCommon/imagesgoods/422370/sub/goods_422370_sub8.jpg
0,447652,https://image.uniqlo.com/UQ/ST3/AsianCommon/imagesgoods/431840/item/goods_01_431840.jpg,https://image.uniqlo.com/UQ/ST3/AsianCommon/imagesgoods/431840/sub/goods_431840_sub1.jpg,https://image.uniqlo.com/UQ/ST3/AsianCommon/imagesgoods/431840/sub/goods_431840_sub6.jpg,https://image.uniqlo.com/UQ/ST3/AsianCommon/imagesgoods/431840/sub/goods_431840_sub7.jpg
0,439177,https://image.uniqlo.com/UQ/ST3/AsianCommon/imagesgoods/418910/item/goods_69_418910.jpg,https://image.uniqlo.com/UQ/ST3/AsianCommon/imagesgoods/418910/sub/goods_418910_sub6.jpg,https://image.uniqlo.com/UQ/ST3/AsianCommon/imagesgoods/418910/sub/goods_418910_sub7.jpg,https://image.uniqlo.com/UQ/ST3/AsianCommon/imagesgoods/418910/sub/goods_418910_sub8.jpg
0,444589,https://image.uniqlo.com/UQ/ST3/AsianCommon/imagesgoods/444589/item/goods_65_444589.jpg,https://image.uniqlo.com/UQ/ST3/AsianCommon/imagesgoods/444589/sub/goods_444589_sub1.jpg,https://image.uniqlo.com/UQ/ST3/AsianCommon/imagesgoods/444589/sub/goods_444589_sub6.jpg,https://image.uniqlo.com/UQ/ST3/AsianCommon/imagesgoods/444589/sub/goods_444589_sub7.jpg
0,439176,https://image.uniqlo.com/UQ/ST3/AsianCommon/imagesgoods/428683/item/goods_68_428683.jpg,https://image.uniqlo.com/UQ/ST3/AsianCommon/imagesgoods/428683/sub/goods_428683_sub6.jpg,https://image.uniqlo.com/UQ/ST3/AsianCommon/imagesgoods/428683/sub/goods_428683_sub7.jpg,https://image.uniqlo.com/UQ/ST3/AsianCommon/imagesgoods/428683/sub/goods_428683_sub8.jpg
0,444585,https://image.uniqlo.com/UQ/ST3/AsianCommon/imagesgoods/439178/item/goods_63_439178.jpg,https://image.uniqlo.com/UQ/ST3/AsianCommon/imagesgoods/439178/sub/goods_439178_sub1.jpg,https://image.uniqlo.com/UQ/ST3/AsianCommon/imagesgoods/439178/sub/goods_439178_sub6.jpg,https://image.uniqlo.com/UQ/ST3/AsianCommon/imagesgoods/439178/sub/goods_439178_sub7.jpg
0,444591,https://image.uniqlo.com/UQ/ST3/AsianCommon/imagesgoods/444591/item/goods_62_444591.jpg,https://image.uniqlo.com/UQ/ST3/AsianCommon/imagesgoods/444591/sub/goods_444591_sub1.jpg,https://image.uniqlo.com/UQ/ST3/AsianCommon/imagesgoods/444591/sub/goods_444591_sub2.jpg,https://image.uniqlo.com/UQ/ST3/AsianCommon/imagesgoods/444591/sub/goods_444591_sub6.jpg
0,434849,https://image.uniqlo.com/UQ/ST3/AsianCommon/imagesgoods/425143/item/goods_69_425143.jpg,https://image.uniqlo.com/UQ/ST3/AsianCommon/imagesgoods/425143/sub/goods_425143_sub18.jpg,https://image.uniqlo.com/UQ/ST3/AsianCommon/imagesgoods/425143/sub/goods_425143_sub19.jpg,https://image.uniqlo.com/UQ/ST3/AsianCommon/imagesgoods/425143/item/goods_69_425143.jpg?width=750
0,434856,https://image.uniqlo.com/UQ/ST3/AsianCommon/imagesgoods/434856/item/goods_35_434856.jpg,https://image.uniqlo.com/UQ/ST3/AsianCommon/imagesgoods/434856/sub/goods_434856_sub1.jpg,https://image.uniqlo.com/UQ/ST3/AsianCommon/imagesgoods/434856/sub/goods_434856_sub6.jpg,https://image.uniqlo.com/UQ/ST3/AsianCommon/imagesgoods/434856/sub/goods_434856_sub7.jpg
0,435221,https://image.uniqlo.com/UQ/ST3/AsianCommon/imagesgoods/422373/item/goods_69_422373.jpg,https://image.uniqlo.com/UQ/ST3/AsianCommon/imagesgoods/422373/sub/goods_422373_sub3.jpg,https://image.uniqlo.com/UQ/ST3/AsianCommon/imagesgoods/422373/sub/goods_422373_sub6.jpg,https://image.uniqlo.com/UQ/ST3/AsianCommon/imagesgoods/422373/sub/goods_422373_sub7.jpg
0,444639,https://image.uniqlo.com/UQ/ST3/AsianCommon/imagesgoods/444639/item/goods_01_444639.jpg?width=750,https://image.uniqlo.com/UQ/ST3/AsianCommon/imagesgoods/444639/sub/goods_444639_sub1.jpg?width=750,https://image.uniqlo.com/UQ/ST3/AsianCommon/imagesgoods/444639/sub/goods_444639_sub2.jpg?width=750,https://image.uniqlo.com/UQ/ST3/AsianCommon/imagesgoods/444639/sub/goods_444639_sub3.jpg?width=750
0,439608,https://image.uniqlo.com/UQ/ST3/AsianCommon/imagesgoods/425050/item/goods_64_425050.jpg,https://image.uniqlo.com/UQ/ST3/AsianCommon/imagesgoods/425050/sub/goods_425050_sub18.jpg,https://image.uniqlo.com/UQ/ST3/AsianCommon/imagesgoods/425050/sub/goods_425050_sub19.jpg,https://image.uniqlo.com/UQ/ST3/AsianCommon/imagesgoods/425050/sub/goods_425050_sub20.jpg
0,448596,https://image.uniqlo.com/UQ/ST3/AsianCommon/imagesgoods/422967/item/goods_69_422967.jpg,https://image.uniqlo.com/UQ/ST3/AsianCommon/imagesgoods/422967/sub/goods_422967_sub6.jpg,https://image.uniqlo.com/UQ/ST3/AsianCommon/imagesgoods/422967/sub/goods_422967_sub7.jpg,https://image.uniqlo.com/UQ/ST3/AsianCommon/imagesgoods/422967/sub/goods_422967_sub8.jpg
0,446905,https://image.uniqlo.com/UQ/ST3/AsianCommon/imagesgoods/446905/item/goods_65_446905.jpg,https://image.uniqlo.com/UQ/ST3/AsianCommon/imagesgoods/446905/sub/goods_446905_sub1.jpg,https://image.uniqlo.com/UQ/ST3/AsianCommon/imagesgoods/446905/sub/goods_446905_sub2.jpg,https://image.uniqlo.com/UQ/ST3/AsianCommon/imagesgoods/446905/sub/goods_446905_sub3.jpg
0,444992,https://image.uniqlo.com/UQ/ST3/AsianCommon/imagesgoods/433049/item/goods_04_433049.jpg,https://image.uniqlo.com/UQ/ST3/AsianCommon/imagesgoods/433049/sub/goods_433049_sub7.jpg,https://image.uniqlo.com/UQ/ST3/AsianCommon/imagesgoods/433049/sub/goods_433049_sub8.jpg,https://image.uniqlo.com/UQ/ST3/AsianCommon/imagesgoods/433049/sub/goods_433049_sub9.jpg
0,448874,https://image.uniqlo.com/UQ/ST3/AsianCommon/imagesgoods/422987/item/goods_54_422987.jpg,https://image.uniqlo.com/UQ/ST3/AsianCommon/imagesgoods/422987/sub/goods_422987_sub18.jpg,https://image.uniqlo.com/UQ/ST3/AsianCommon/imagesgoods/422987/sub/goods_422987_sub19.jpg,https://image.uniqlo.com/UQ/ST3/AsianCommon/imagesgoods/422987/sub/goods_422987_sub20.jpg
0,445175,https://image.uniqlo.com/UQ/ST3/AsianCommon/imagesgoods/433055/item/goods_69_433055.jpg,https://image.uniqlo.com/UQ/ST3/AsianCommon/imagesgoods/433055/sub/goods_433055_sub18.jpg,https://image.uniqlo.com/UQ/ST3/AsianCommon/imagesgoods/433055/sub/goods_433055_sub19.jpg,https://image.uniqlo.com/UQ/ST3/AsianCommon/imagesgoods/433055/sub/goods_433055_sub20.jpg
0,433056,https://image.uniqlo.com/UQ/ST3/AsianCommon/imagesgoods/433056/item/goods_58_433056.jpg,https://image.uniqlo.com/UQ/ST3/AsianCommon/imagesgoods/433056/sub/goods_433056_sub1.jpg,https://image.uniqlo.com/UQ/ST3/AsianCommon/imagesgoods/433056/sub/goods_433056_sub6.jpg,https://image.uniqlo.com/UQ/ST3/AsianCommon/imagesgoods/433056/sub/goods_433056_sub7.jpg
0,435806,https://image.uniqlo.com/UQ/ST3/AsianCommon/imagesgoods/425974/item/goods_74_425974.jpg,https://image.uniqlo.com/UQ/ST3/AsianCommon/imagesgoods/425974/sub/goods_425974_sub1.jpg,https://image.uniqlo.com/UQ/ST3/AsianCommon/imagesgoods/425974/sub/goods_425974_sub2.jpg,https://image.uniqlo.com/UQ/ST3/AsianCommon/imagesgoods/425974/sub/goods_425974_sub3.jpg
0,444974,https://image.uniqlo.com/UQ/ST3/AsianCommon/imagesgoods/425213/item/goods_30_425213.jpg,https://image.uniqlo.com/UQ/ST3/AsianCommon/imagesgoods/425213/sub/goods_425213_sub1.jpg,https://image.uniqlo.com/UQ/ST3/AsianCommon/imagesgoods/425213/sub/goods_425213_sub2.jpg,https://image.uniqlo.com/UQ/ST3/AsianCommon/imagesgoods/425213/sub/goods_425213_sub3.jpg
0,446907,https://image.uniqlo.com/UQ/ST3/AsianCommon/imagesgoods/446907/item/goods_65_446907.jpg,https://image.uniqlo.com/UQ/ST3/AsianCommon/imagesgoods/446907/sub/goods_446907_sub1.jpg,https://image.uniqlo.com/UQ/ST3/AsianCommon/imagesgoods/446907/sub/goods_446907_sub2.jpg,https://image.uniqlo.com/UQ/ST3/AsianCommon/imagesgoods/446907/sub/goods_446907_sub6.jpg
0,433025,https://image.uniqlo.com/UQ/ST3/AsianCommon/imagesgoods/427917/item/goods_00_427917.jpg,https://image.uniqlo.com/UQ/ST3/AsianCommon/imagesgoods/427917/sub/goods_427917_sub1.jpg,https://image.uniqlo.com/UQ/ST3/AsianCommon/imagesgoods/427917/sub/goods_427917_sub2.jpg,https://image.uniqlo.com/UQ/ST3/AsianCommon/imagesgoods/427917/sub/goods_427917_sub7.jpg
0,445000,https://image.uniqlo.com/UQ/ST3/AsianCommon/imagesgoods/422992/item/goods_30_422992.jpg,https://image.uniqlo.com/UQ/ST3/AsianCommon/imagesgoods/422992/sub/goods_422992_sub1.jpg,https://image.uniqlo.com/UQ/ST3/AsianCommon/imagesgoods/422992/sub/goods_422992_sub2.jpg,https://image.uniqlo.com/UQ/ST3/AsianCommon/imagesgoods/422992/sub/goods_422992_sub3.jpg
0,445009,https://image.uniqlo.com/UQ/ST3/AsianCommon/imagesgoods/422990/item/goods_00_422990.jpg,https://image.uniqlo.com/UQ/ST3/AsianCommon/imagesgoods/422990/sub/goods_422990_sub1.jpg,https://image.uniqlo.com/UQ/ST3/AsianCommon/imagesgoods/422990/sub/goods_422990_sub2.jpg,https://image.uniqlo.com/UQ/ST3/AsianCommon/imagesgoods/422990/sub/goods_422990_sub7.jpg
0,433399,https://image.uniqlo.com/UQ/ST3/AsianCommon/imagesgoods/433399/item/goods_66_433399.jpg,https://image.uniqlo.com/UQ/ST3/AsianCommon/imagesgoods/433399/sub/goods_433399_sub18.jpg,https://image.uniqlo.com/UQ/ST3/AsianCommon/imagesgoods/433399/sub/goods_433399_sub19.jpg,https://image.uniqlo.com/UQ/ST3/AsianCommon/imagesgoods/433399/item/goods_66_433399.jpg?width=750
0,444973,https://image.uniqlo.com/UQ/ST3/AsianCommon/imagesgoods/433037/item/goods_63_433037.jpg,https://image.uniqlo.com/UQ/ST3/AsianCommon/imagesgoods/433037/sub/goods_433037_sub1.jpg,https://image.uniqlo.com/UQ/ST3/AsianCommon/imagesgoods/433037/sub/goods_433037_sub2.jpg,https://image.uniqlo.com/UQ/ST3/AsianCommon/imagesgoods/433037/sub/goods_433037_sub6.jpg
0,434172,https://image.uniqlo.com/UQ/ST3/AsianCommon/imagesgoods/434172/item/goods_09_434172.jpg,https://image.uniqlo.com/UQ/ST3/AsianCommon/imagesgoods/434172/sub/goods_434172_sub24.jpg,https://image.uniqlo.com/UQ/ST3/jp/imagesgoods/434172/sub/jpgoods_434172_sub28.jpg,https://image.uniqlo.com/UQ/ST3/AsianCommon/imagesgoods/434172/item/goods_09_434172.jpg?width=750
0,434174,https://image.uniqlo.com/UQ/ST3/AsianCommon/imagesgoods/434174/item/goods_69_434174.jpg,https://image.uniqlo.com/UQ/ST3/AsianCommon/imagesgoods/434174/sub/goods_434174_sub18.jpg,https://image.uniqlo.com/UQ/ST3/AsianCommon/imagesgoods/434174/sub/goods_434174_sub24.jpg,https://image.uniqlo.com/UQ/ST3/jp/imagesgoods/434174/sub/jpgoods_434174_sub28.jpg
0,434176,https://image.uniqlo.com/UQ/ST3/AsianCommon/imagesgoods/434176/item/goods_07_434176.jpg,https://image.uniqlo.com/UQ/ST3/AsianCommon/imagesgoods/434176/sub/goods_434176_sub24.jpg,https://image.uniqlo.com/UQ/ST3/AsianCommon/imagesgoods/434176/sub/goods_434176_sub25.jpg,https://image.uniqlo.com/UQ/ST3/AsianCommon/imagesgoods/434176/sub/goods_434176_sub26.jpg
0,434178,https://image.uniqlo.com/UQ/ST3/AsianCommon/imagesgoods/423531/item/goods_06_423531.jpg,https://image.uniqlo.com/UQ/ST3/AsianCommon/imagesgoods/423531/sub/goods_423531_sub18.jpg,https://image.uniqlo.com/UQ/ST3/AsianCommon/imagesgoods/423531/sub/goods_423531_sub19.jpg,https://image.uniqlo.com/UQ/ST3/jp/imagesgoods/423531/sub/jpgoods_423531_sub28.jpg
0,437564,https://image.uniqlo.com/UQ/ST3/AsianCommon/imagesgoods/434164/item/goods_69_434164.jpg,https://image.uniqlo.com/UQ/ST3/AsianCommon/imagesgoods/434164/sub/goods_434164_sub24.jpg,https://image.uniqlo.com/UQ/ST3/jp/imagesgoods/434164/sub/jpgoods_434164_sub29.jpg,https://image.uniqlo.com/UQ/ST3/jp/imagesgoods/434164/sub/jpgoods_434164_sub30.jpg
0,434163,https://image.uniqlo.com/UQ/ST3/AsianCommon/imagesgoods/434163/item/goods_00_434163.jpg,https://image.uniqlo.com/UQ/ST3/AsianCommon/imagesgoods/434163/sub/goods_434163_sub14.jpg,https://image.uniqlo.com/UQ/ST3/AsianCommon/imagesgoods/434163/sub/goods_434163_sub18.jpg,https://image.uniqlo.com/UQ/ST3/AsianCommon/imagesgoods/434163/sub/goods_434163_sub19.jpg
0,444126,https://image.uniqlo.com/UQ/ST3/AsianCommon/imagesgoods/423527/item/goods_30_423527.jpg,https://image.uniqlo.com/UQ/ST3/AsianCommon/imagesgoods/423527/sub/goods_423527_sub1.jpg,https://image.uniqlo.com/UQ/ST3/AsianCommon/imagesgoods/423527/sub/goods_423527_sub2.jpg,https://image.uniqlo.com/UQ/ST3/AsianCommon/imagesgoods/423527/sub/goods_423527_sub6.jpg
0,441100,https://image.uniqlo.com/UQ/ST3/AsianCommon/imagesgoods/441100/item/goods_35_441100.jpg,https://image.uniqlo.com/UQ/ST3/AsianCommon/imagesgoods/441100/sub/goods_441100_sub6.jpg,https://image.uniqlo.com/UQ/ST3/AsianCommon/imagesgoods/441100/sub/goods_441100_sub7.jpg,https://image.uniqlo.com/UQ/ST3/AsianCommon/imagesgoods/441100/sub/goods_441100_sub8.jpg
0,445036,https://image.uniqlo.com/UQ/ST3/AsianCommon/imagesgoods/433109/item/goods_47_433109.jpg,https://image.uniqlo.com/UQ/ST3/AsianCommon/imagesgoods/433109/sub/goods_433109_sub1.jpg,https://image.uniqlo.com/UQ/ST3/AsianCommon/imagesgoods/433109/sub/goods_433109_sub6.jpg,https://image.uniqlo.com/UQ/ST3/AsianCommon/imagesgoods/433109/sub/goods_433109_sub7.jpg
0,433110,https://image.uniqlo.com/UQ/ST3/AsianCommon/imagesgoods/433110/item/goods_01_433110.jpg,https://image.uniqlo.com/UQ/ST3/AsianCommon/imagesgoods/433110/sub/goods_433110_sub6.jpg,https://image.uniqlo.com/UQ/ST3/AsianCommon/imagesgoods/433110/sub/goods_433110_sub7.jpg,https://image.uniqlo.com/UQ/ST3/AsianCommon/imagesgoods/433110/sub/goods_433110_sub8.jpg
0,441829,https://image.uniqlo.com/UQ/ST3/AsianCommon/imagesgoods/438174/item/goods_68_438174.jpg,https://image.uniqlo.com/UQ/ST3/AsianCommon/imagesgoods/438174/sub/goods_438174_sub18.jpg,https://image.uniqlo.com/UQ/ST3/AsianCommon/imagesgoods/438174/sub/goods_438174_sub19.jpg,https://image.uniqlo.com/UQ/ST3/AsianCommon/imagesgoods/438174/sub/goods_438174_sub20.jpg
0,438335,https://image.uniqlo.com/UQ/ST3/AsianCommon/imagesgoods/438335/item/goods_54_438335.jpg,https://image.uniqlo.com/UQ/ST3/AsianCommon/imagesgoods/438335/sub/goods_438335_sub6.jpg,https://image.uniqlo.com/UQ/ST3/AsianCommon/imagesgoods/438335/sub/goods_438335_sub7.jpg,https://image.uniqlo.com/UQ/ST3/AsianCommon/imagesgoods/438335/sub/goods_438335_sub8.jpg
0,443596,https://image.uniqlo.com/UQ/ST3/AsianCommon/imagesgoods/443596/item/goods_03_443596.jpg,https://image.uniqlo.com/UQ/ST3/AsianCommon/imagesgoods/443596/sub/goods_443596_sub18.jpg,https://image.uniqlo.com/UQ/ST3/AsianCommon/imagesgoods/443596/sub/goods_443596_sub19.jpg,https://image.uniqlo.com/UQ/ST3/AsianCommon/imagesgoods/443596/sub/goods_443596_sub20.jpg
0,445086,https://image.uniqlo.com/UQ/ST3/AsianCommon/imagesgoods/445086/item/goods_31_445086.jpg,https://image.uniqlo.com/UQ/ST3/AsianCommon/imagesgoods/445086/sub/goods_445086_sub9.jpg,https://image.uniqlo.com/UQ/ST3/AsianCommon/imagesgoods/445086/sub/goods_445086_sub10.jpg,https://image.uniqlo.com/UQ/ST3/AsianCommon/imagesgoods/445086/sub/goods_445086_sub11.jpg
